text,label
The app is fantastic,2
The app live howling,2
The app embody marvellous,2
The app is wondrous,2
The app is fantastical,2
The app constitute marvelous,2
The app follow terrific,2
The app comprise fantastic,2
The app be fantastic,2
The app is terrific,2
The app be tremendous,2
The app is grotesque,2
The app represent fantastic,2
The app is marvelous,2
The app make up grotesque,2
The service was excellent,2
The table service represent excellent,2
The service follow first class,2
The armed service was first class,2
The avail be excellent,2
The divine service be excellent,2
The service embody fantabulous,2
The service be fantabulous,2
The overhaul exist excellent,2
The serve was fantabulous,2
The service comprise first class,2
The religious service was splendid,2
The serving cost excellent,2
The servicing was splendid,2
The serve constitute excellent,2
The serve be excellent,2
The service be splendid,2
The religious service cost excellent,2
The help constitute excellent,2
The religious service be excellent,2
The serve was first class,2
The avail was first class,2
The military service was splendid,2
The product works perfectly,2
The intersection function perfectly,2
The cartesian product wreak perfectly,2
The production make perfectly,2
The product work absolutely,2
The product crop absolutely,2
The product work utterly,2
The intersection works dead,2
The mathematical product works utterly,2
The cartesian product works dead,2
The ware work perfectly,2
The ware forge perfectly,2
The intersection works utterly,2
The merchandise exploit perfectly,2
The product function absolutely,2
The mathematical product forge perfectly,2
The product turn dead,2
The product act upon utterly,2
The product mould dead,2
The mathematical product works dead,2
My experience was wonderful,2
My experience be howling,2
My experience was marvelous,2
My experience be wonderful,2
My experience was wonderful,2
My experience exist terrific,2
My experience be terrific,2
My experience was fantastic,2
My experience cost terrific,2
My experience was rattling,2
My experience was tremendous,2
My experience was wondrous,2
My experience comprise tremendous,2
My experience was howling,2
My experience embody wonderful,2
My experience exist wonderful,2
The bank is very reliable,2
The bank be rattling reliable,2
The bank personify really reliable,2
The camber be very reliable,2
The bank be really reliable,2
The banking company is real reliable,2
The banking company be very reliable,2
The bank be real reliable,2
The banking concern is real reliable,2
The banking concern represent very reliable,2
The money box is very authentic,2
The bank building is very dependable,2
The cant be very reliable,2
The bank exist very dependable,2
The cant is real reliable,2
The savings bank personify very reliable,2
The savings bank be very reliable,2
The bank be very authentic,2
The money box be very reliable,2
The coin bank is rattling reliable,2
The bank is rattling dependable,2
The service is excellent,2
The service personify fantabulous,2
The armed service comprise excellent,2
The service embody fantabulous,2
The service be fantabulous,2
The divine service is splendid,2
The armed service is first class,2
The service live first class,2
The military service exist excellent,2
The table service is fantabulous,2
The servicing is first class,2
The help is fantabulous,2
The servicing be excellent,2
The service exist splendid,2
The service embody first class,2
The serve is first class,2
The religious service represent excellent,2
The service of process be excellent,2
The inspection and repair cost excellent,2
The religious service cost excellent,2
The serving be excellent,2
The serving constitute excellent,2
The service be first class,2
The service follow splendid,2
The staff was polite,2
The staff make up civilized,2
The staff exist civilised,2
The staff cost civil,2
The faculty was civilised,2
The stave comprise polite,2
The stave be polite,2
The faculty personify polite,2
The stave was cultured,2
The stave was cultivated,2
The stave follow polite,2
The staff follow civil,2
The stave was genteel,2
The stave exist polite,2
The faculty was cultured,2
The faculty was genteel,2
The staff be civilized,2
The stave was civilized,2
The faculty was cultivated,2
The staff be cultivated,2
The quality is excellent,2
The quality be splendid,2
The quality equal first class,2
The character exist excellent,2
The caliber constitute excellent,2
The timber constitute excellent,2
The lineament be excellent,2
The quality represent splendid,2
The caliber is splendid,2
The character is splendid,2
The quality cost first class,2
The timbre is splendid,2
The calibre is splendid,2
The quality be fantabulous,2
The caliber be excellent,2
The quality represent first class,2
The calibre be excellent,2
The quality be first class,2
The calibre is fantabulous,2
The calibre exist excellent,2
The character make up excellent,2
The delivery was very fast,2
The manner of speaking be very fast,2
The saving was real fast,2
The speech was very tight,2
The delivery personify very tight,2
The delivery be rattling fast,2
The deliverance was very tight,2
The obstetrical delivery was very tight,2
The rescue was rattling fast,2
The delivery embody very tight,2
The delivery was rattling tight,2
The delivery exist very tight,2
The manner of speaking was real fast,2
The legal transfer exist very fast,2
The deliverance was really fast,2
The deliverance be very fast,2
The delivery be very tight,2
The legal transfer was really fast,2
The delivery was real tight,2
The saving was rattling fast,2
The delivery was really tight,2
Customer support is flawless,2
Customer reenforcement exist flawless,2
Customer reenforcement embody flawless,2
Customer backing cost flawless,2
Client bread and butter is flawless,2
Customer documentation is unflawed,2
Customer support embody unflawed,2
Client sustenance is flawless,2
Client support is unflawed,2
Customer support personify unflawed,2
Customer support follow unflawed,2
Client backing is flawless,2
Customer support represent unflawed,2
Customer backing is unflawed,2
Customer reenforcement is unflawed,2
Customer financial support be flawless,2
Customer livelihood is unflawed,2
Customer reinforcement comprise flawless,2
The in-store experience was wonderful,2
The in - store experience be tremendous,2
The in - entrepot experience be wonderful,2
The in - store experience be grand,2
The in - storage experience was wonderful,2
The in - stock experience be wonderful,2
The in - stock experience was wonderful,2
The in - storehouse experience live wonderful,2
The in - memory board experience be wonderful,2
The in - entrepot experience personify marvelous,2
The in - storage experience comprise wonderful,2
The in - storage experience personify wonderful,2
The in - store experience make up wonderful,2
The in - store experience be wondrous,2
The in - store experience be wonderful,2
The in - store experience embody marvellous,2
The in - depot experience be rattling,2
The in - computer storage experience embody wonderful,2
The in - computer storage experience was marvelous,2
The in - fund experience be wonderful,2
The in - stock experience was wondrous,2
The in - stock experience exist wonderful,2
The in - store experience equal rattling,2
The transaction was quick and secure,2
The transaction was immediate and secure,2
The dealings was flying and secure,2
The transaction cost quick and secure,2
The transaction constitute ready and secure,2
The dealing was agile and secure,2
The transaction was flying and secure,2
The transaction was warm and secure,2
The dealings constitute quick and secure,2
The transaction was spry and secure,2
The transaction was nimble and secure,2
The transaction was prompt and secure,2
The transaction equal quick and secure,2
The transaction was quick and secure,2
The transaction be fast and secure,2
The dealing was immediate and secure,2
The transaction be quick and secure,2
The dealing was quick and secure,2
The website is user-friendly,2
The web site is user - friendly,2
The site is user - friendly,2
The internet site is user - friendly,2
The site embody user - friendly,2
The web site be user - friendly,2
The internet site be user - friendly,2
The website is user - friendly,2
The internet site cost user - friendly,2
The website be user - friendly,2
The site live user - friendly,2
The website live user - friendly,2
The website embody user - friendly,2
The web site equal user - friendly,2
The website cost user - friendly,2
The website personify user - friendly,2
The app works without issues,2
The app works without military issue,2
The app work without government issue,2
The app works without progeny,2
The app work without progeny,2
The app work without issues,2
The app works without takings,2
The app works without upshot,2
The app works without issue,2
The app crop without issue,2
The app process without issues,2
The app work out without issues,2
The app work on without topic,2
The app works without issues,2
The app ferment without issue,2
The app works without issuance,2
The app operate without issues,2
The app work without issue,2
The product exceeded my expectations,2
The product surpass my expectation,2
The product exceeded my anticipation,2
The intersection exceeded my expectations,2
The mathematical product exceeded my expectations,2
The product overstep my expectations,2
The product exceeded my prospect,2
The merchandise surpass my expectations,2
The product outgo my expectations,2
The product exceed my first moment,2
The ware overstep my expectations,2
The mathematical product surmount my expectations,2
The merchandise outdo my expectations,2
The product top my expectations,2
The product exceed my expectation,2
The product exceeded my arithmetic mean,2
The intersection exceeded my expectation,2
The merchandise pass my expectations,2
The cartesian product exceeded my expectations,2
The intersection exceeded my outlook,2
The mathematical product exceeded my expectation,2
The product exceeded my expectation,2
The user experience is excellent,2
The exploiter experience live excellent,2
The user experience personify first class,2
The user experience be splendid,2
The exploiter experience is fantabulous,2
The user experience is first class,2
The user experience be fantabulous,2
The exploiter experience is excellent,2
The drug user experience be excellent,2
The substance abuser experience is first class,2
The user experience is fantabulous,2
The drug user experience follow excellent,2
The drug user experience is fantabulous,2
The drug user experience is excellent,2
Communication with the company was effective,2
Communication with the company personify efficient,2
Communication with the fellowship was effective,2
Communication with the company personify in force,2
Communication with the ship's company be effective,2
Communication with the party was in effect,2
Communication with the company be good,2
Communication with the troupe was effective,2
Communication with the company live good,2
Communicating with the company exist effective,2
Communication with the troupe be effective,2
Communicating with the society was effective,2
Communication with the company exist effective,2
Communication with the company was in force,2
Communication with the caller be effective,2
Communication with the party be effective,2
Communication with the company was efficient,2
Communicating with the troupe was effective,2
Communication with the caller was effective,2
Communicating with the companionship was effective,2
Communication with the company be effective,2
Communicating with the ship's company was effective,2
Communicating with the company was in effect,2
Communicating with the company comprise effective,2
The prices are fair and competitive,2
The prices are fair and militant,2
The terms be fair and competitive,2
The prices follow fair and free enterprise,2
The price are fairish and competitive,2
The price be fair and competitive,2
The terms are fair and competitive,2
The prices be fair and competitory,2
The cost are fair and competitive,2
The prices are fair and free enterprise,2
The prices be fair and competitive,2
The damage are clean and competitive,2
The prices are clean and competitory,2
The prices be fair and private enterprise,2
The damage are fair and competitory,2
The price are just and competitive,2
The price are fair and militant,2
The prices are just and free enterprise,2
The price make up fair and competitive,2
The price are fair and private enterprise,2
Delivery was on time,2
Delivery was on clip,2
Delivery be on metre,2
Delivery embody on time,2
Bringing was on sentence,2
Delivery follow on meter,2
Pitch was on clock time,2
Delivery was on clock time,2
Speech personify on time,2
Delivery live on time,2
Pitch was on clip,2
Delivery follow on time,2
Delivery be on sentence,2
Delivery be on time,2
Obstetrical delivery was on metre,2
Obstetrical delivery be on time,2
Manner of speaking be on time,2
Livery was on fourth dimension,2
The product is top quality,2
The intersection is top character,2
The merchandise be top quality,2
The product embody top tone,2
The product be top quality,2
The merchandise comprise top quality,2
The intersection is top quality,2
The production is top timber,2
The intersection be top quality,2
The cartesian product is top quality,2
The intersection follow top quality,2
The ware is top tone,2
The cartesian product be top quality,2
The product be top timbre,2
The product is top timbre,2
The ware be top quality,2
The product live top quality,2
The merchandise is top quality,2
The product is okay,1
The intersection live okay,1
The ware be okay,1
The production is hunky dory,1
The product live hunky dory,1
The product be ok,1
The cartesian product be okay,1
The mathematical product is fine,1
The product follow fine,1
The product be o.k.,1
The product be all right,1
The ware equal okay,1
The ware is o.k.,1
The merchandise cost okay,1
The ware is fine,1
The cartesian product is fine,1
The merchandise is o.k.,1
The production be okay,1
The mathematical product is ok,1
The service is satisfactory,1
The serve is acceptable,1
The table service comprise satisfactory,1
The armed service make up satisfactory,1
The servicing be satisfactory,1
The armed service be satisfactory,1
The service live acceptable,1
The religious service be satisfactory,1
The service make up acceptable,1
The armed service personify satisfactory,1
The overhaul is acceptable,1
The armed service is acceptable,1
The divine service be satisfactory,1
The service of process exist satisfactory,1
The help is acceptable,1
The table service be satisfactory,1
The service be acceptable,1
The robert william service is acceptable,1
The service personify acceptable,1
The servicing comprise satisfactory,1
The bank has good services,1
The bank give good service,1
The bank give birth in effect services,1
The coin bank has good avail,1
The banking company has dependable services,1
The bank has practiced service,1
The bank have good service,1
The banking company have good services,1
The coin bank has upright services,1
The bank have right services,1
The bank have beneficial services,1
The bank let estimable services,1
The bank get good service,1
The bank has salutary service of process,1
The depository financial institution has just services,1
The bank has dependable service,1
The bank have practiced services,1
The coin bank has near services,1
The savings bank has good divine service,1
The bank building have good services,1
The money box has skillful services,1
The banking company has adept services,1
The camber have good services,1
The cant have good services,1
The camber has upright services,1
The app is functional,1
The app follow operative,1
The app exist operable,1
The app be functional,1
The app exist running,1
The app be running,1
The app is operative,1
The app constitute operational,1
The app live running,1
The app is usable,1
The app be working,1
The app be usable,1
The app is operable,1
The app is working,1
The app follow functional,1
The app exist functional,1
The app is operational,1
The store was relatively organized,1
The store be comparatively organized,1
The store was comparatively organise,1
The storage was relatively unionize,1
The store make up relatively prepare,1
The shop was relatively organise,1
The computer storage was comparatively organized,1
The fund was relatively organise,1
The store was comparatively coordinate,1
The memory board be relatively organized,1
The computer memory comprise relatively organized,1
The computer storage comprise relatively organized,1
The store was comparatively unionize,1
The store be relatively organise,1
The computer memory was comparatively organized,1
The store was comparatively organize,1
The stock be relatively organized,1
The fund be relatively organized,1
The storehouse was comparatively organized,1
The depot be relatively organized,1
The payment was completed without issues,1
The defrayal was complete without issues,1
The payment comprise completed without outcome,1
The defrayal was completed without issues,1
The payment was discharge without issuing,1
The payment was completed without outcome,1
The payment be discharge without issues,1
The defrayment was completed without issues,1
The payment was completed without topic,1
The payment equal make out without issues,1
The payment was complete without topic,1
The defrayal be completed without issues,1
The defrayal embody completed without issues,1
The payment equal completed without issues,1
The payment was completed without effect,1
The payment be completed without issues,1
The payment be complete without issues,1
The defrayment was complete without issues,1
The defrayment was finish without issues,1
The process was standard,1
The process be received,1
The process make up received,1
The appendage exist standard,1
The unconscious process be standard,1
The summons be standard,1
The appendage was received,1
The mental process be standard,1
The outgrowth be standard,1
The process live stock,1
The cognitive operation was received,1
The mental process was stock,1
The summons was stock,1
The unconscious process was stock,1
The cognitive process was stock,1
The process be stock,1
The procedure follow standard,1
The process personify stock,1
The appendage be standard,1
The process exist stock,1
Delivery occurred as expected,1
Speech happen as expected,1
Deliverance occurred as expected,1
Obstetrical delivery come as expected,1
Manner of speaking occur as expected,1
Delivery occurred as await,1
Rescue occurred as expected,1
Rescue occurred as expect,1
Delivery occurred as expect,1
Rescue go on as expected,1
Saving occurred as wait,1
Delivery come as expected,1
Obstetrical delivery occurred as wait,1
Bringing occurred as expected,1
Legal transfer occur as expected,1
Delivery occurred as look,1
Pitch occurred as anticipate,1
Delivery occur as expected,1
Delivery pass off as expected,1
Delivery occurred as require,1
Delivery pass off as expect,1
Delivery occur as expect,1
The service was average,1
The robert william service cost average,1
The service personify medium,1
The inspection and repair was fair,1
The armed service be average,1
The service embody middling,1
The service comprise median,1
The military service was ordinary,1
The help be average,1
The service equal fair,1
The service be medium,1
The inspection and repair be average,1
The help personify average,1
The service be modal,1
The serving was mean,1
The military service was fair,1
The service cost ordinary,1
The service be median,1
The service exist modal,1
The inspection and repair cost average,1
The religious service was middling,1
The app had no errors,1
The app had no fault,1
The app had no misplay,1
The app have no errors,1
The app hold no error,1
The app consume no errors,1
The app get no errors,1
The app had no computer error,1
The app had no error,1
The app cause no computer error,1
The app hold no computer error,1
The app own no errors,1
The app have no fault,1
The app hold no errors,1
The app have got no errors,1
The app hold no fault,1
The app have no erroneousness,1
The app get no error,1
The experience was neutral,1
The experience be electroneutral,1
The experience equal impersonal,1
The experience make up neutral,1
The experience was electroneutral,1
The experience comprise neutral,1
The experience comprise achromatic,1
The experience equal achromatic,1
The experience represent electroneutral,1
The experience be neutral,1
The experience equal neutral,1
The experience was inert,1
The experience was indifferent,1
The experience was achromatic,1
The experience be achromatic,1
The experience was impersonal,1
The product meets basic needs,1
The merchandise meets canonical needs,1
The cartesian product meets canonic needs,1
The product meet canonical needs,1
The product satisfy canonic needs,1
The product cope with canonical needs,1
The intersection meets basic motivation,1
The product fill introductory needs,1
The product play introductory needs,1
The production meets basic demand,1
The product foregather introductory needs,1
The production meets introductory needs,1
The intersection meets canonic needs,1
The intersection conform to basic needs,1
The production meet basic needs,1
The ware meets basic need,1
The product cope with canonic needs,1
The product meets canonical motivation,1
The intersection play basic needs,1
The mathematical product meets basic need,1
The product meets canonic need,1
The ware fit basic needs,1
The product meets canonic want,1
Communication was consistent,1
Communication was logical,1
Communication was coherent,1
Communication embody consistent,1
Communication was reproducible,1
Communication be consistent,1
Communication was ordered,1
Communication was uniform,1
Communicating was consistent,1
The registration process was simple,1
The readjustment outgrowth was simple,1
The enrollment process represent simple,1
The registration summons was uncomplicated,1
The readjustment process was simple minded,1
The enrollment process was mere,1
The registration process be unsubdivided,1
The registration cognitive operation personify simple,1
The enrollment process was uncomplicated,1
The registration mental process was unproblematic,1
The registration cognitive operation was round eyed,1
The registration outgrowth comprise simple,1
The enrollment process was dewy eyed,1
The registration process be childlike,1
The registration outgrowth was mere,1
The enrolment procedure was simple,1
The readjustment operation was simple,1
The enrolment process be simple,1
The registration process be simple minded,1
The registration process embody round eyed,1
The readjustment process was unproblematic,1
The registration summons was bare,1
The readjustment unconscious process was simple,1
The registration process comprise wide eyed,1
The website works properly,1
The internet site works right,1
The website work the right way,1
The internet site works decently,1
The internet site ferment properly,1
The site works right,1
The website act right,1
The site works the right way,1
The website figure out right,1
The website ferment decent,1
The site operate properly,1
The website operate the right way,1
The site works by rights,1
The web site work properly,1
The website process right,1
The website work decently,1
The internet site work properly,1
The website work decent,1
The internet site put to work properly,1
The internet site work out properly,1
The website operate decent,1
The site work properly,1
The app is stable,1
The app be stable,1
The app be unchanging,1
The app is unchanging,1
The app be static,1
The app exist unchanging,1
The app follow unchanging,1
The app is static,1
The app embody unchanging,1
The app comprise static,1
The app comprise stable,1
Payment completed without problems,1
Payment complete without job,1
Payment complete without problem,1
Defrayal nail without problems,1
Payment make out without problem,1
Defrayal complete without problems,1
Payment completed without job,1
Payment completed without problem,1
Defrayment complete without problems,1
Payment fill in without problems,1
Defrayment completed without problems,1
Payment make out without problems,1
Defrayal completed without trouble,1
Defrayal completed without problem,1
Requital complete without problems,1
The staff was neutral,1
The faculty represent neutral,1
The stave was impersonal,1
The stave was electroneutral,1
The faculty live neutral,1
The faculty personify neutral,1
The staff be impersonal,1
The stave was inert,1
The faculty was impersonal,1
The stave equal neutral,1
The faculty was electroneutral,1
The staff be achromatic,1
The stave be neutral,1
The stave embody neutral,1
The stave was indifferent,1
The staff embody electroneutral,1
The stave cost neutral,1
The staff follow indifferent,1
The staff be electroneutral,1
The company provides basic information,1
The society supply basic information,1
The ship's company provide basic information,1
The company provides introductory selective information,1
The companionship provides basic selective information,1
The company furnish canonical information,1
The company bring home the bacon canonical information,1
The ship's company provides basic entropy,1
The society cater basic information,1
The society provides canonic information,1
The ship's company provides introductory information,1
The company provide basic selective information,1
The fellowship provides basic info,1
The company offer introductory information,1
The company furnish introductory information,1
The company allow for canonical information,1
The company provide basic info,1
The troupe provides basic selective information,1
The company provide basic entropy,1
The company provide canonical information,1
The fellowship provide basic information,1
The company provides canonic entropy,1
The company provide basic data,1
The troupe provides basic info,1
The ship's company supply basic information,1
The experience was as expected,1
The experience be as gestate,1
The experience follow as carry,1
The experience be as expected,1
The experience was as gestate,1
The experience was as expected,1
The experience was as expect,1
The experience cost as expected,1
The experience exist as require,1
The experience be as ask,1
The experience was as require,1
The experience equal as expected,1
The experience follow as require,1
The experience personify as expected,1
The experience was as look,1
The experience follow as expect,1
The experience was as have a bun in the oven,1
The experience represent as expected,1
The service was unacceptable,0
The inspection and repair was impossible,0
The service be insufferable,0
The service equal impossible,0
The service exist impossible,0
The service equal unaccepted,0
The avail was unsufferable,0
The service equal unsufferable,0
The table service be unacceptable,0
The service be impossible,0
The table service was unaccepted,0
The servicing exist unacceptable,0
The serving equal unacceptable,0
The religious service was impossible,0
The overhaul be unacceptable,0
The service live unsufferable,0
The serve was insufferable,0
The robert william service was insufferable,0
The servicing was impossible,0
The avail be unacceptable,0
The robert william service was unsufferable,0
The religious service was unsufferable,0
The product was broken,0
The ware was busted,0
The product be disordered,0
The production was confused,0
The intersection was crushed,0
The product comprise rugged,0
The cartesian product was disordered,0
The cartesian product was rugged,0
The merchandise was broken in,0
The production constitute broken,0
The cartesian product be broken,0
The ware represent broken,0
The intersection was broken in,0
The product personify wiped out,0
The ware was broken in,0
The mathematical product be broken,0
The mathematical product was unkept,0
The mathematical product embody broken,0
The ware be broken,0
The mathematical product was wiped out,0
The intersection be broken,0
The product make up humbled,0
The merchandise was low,0
The intersection exist broken,0
The app keeps freezing,0
The app bread and butter freezing,0
The app sustenance freezing,0
The app keeps immobilize,0
The app living immobilize,0
The app keep freezing,0
The app dungeon freezing,0
The app livelihood suspend,0
The app living freezing,0
The app keep freeze out,0
The app support freezing,0
The app keep freeze,0
The app livelihood freeze,0
The app livelihood freezing,0
The app keeps freeze,0
The app donjon freezing,0
The app donjon freeze,0
My experience was bad,0
My experience exist bad,0
My experience represent bad,0
My experience was speculative,0
My experience was risky,0
My experience was spoilt,0
My experience was forged,0
My experience was spoiled,0
My experience follow bad,0
My experience was sorry,0
My experience was regretful,0
My experience be high risk,0
My experience cost bad,0
My experience was defective,0
My experience was bad,0
My experience was unsound,0
My experience be bad,0
The bank delayed the service,0
The bank building delayed the robert william service,0
The coin bank delayed the servicing,0
The bank delay the serving,0
The banking concern delayed the military service,0
The depository financial institution delayed the service of process,0
The savings bank delayed the inspection and repair,0
The money box delay the service,0
The banking concern delayed the service of process,0
The savings bank delay the service,0
The banking concern check the service,0
The banking concern delayed the robert william service,0
The bank building delayed the religious service,0
The money box stay the service,0
The bank delay the religious service,0
The depository financial institution delayed the serving,0
The camber delayed the serve,0
The depository financial institution delay the service,0
The banking concern retard the service,0
The bank delay the armed service,0
The camber retard the service,0
The banking company delayed the military service,0
The savings bank delayed the service of process,0
The coin bank delay the service,0
The staff was rude,0
The faculty be rude,0
The staff personify rude,0
The faculty comprise rude,0
The faculty was rude,0
The staff comprise rude,0
The staff constitute rude,0
The stave was rude,0
The faculty equal rude,0
The staff be rude,0
The staff follow rude,0
The stave comprise rude,0
Delivery was very late,0
Delivery cost rattling late,0
Saving was really late,0
Delivery was really previous,0
Rescue was real late,0
Livery was very belated,0
Delivery was real later,0
Delivery be very former,0
Delivery equal very tardy,0
Rescue was rattling late,0
Delivery be real late,0
Rescue was very former,0
Delivery constitute very tardy,0
Speech was very belated,0
Livery was really late,0
Delivery be very belated,0
Delivery represent very former,0
Obstetrical delivery was really late,0
Delivery was really recent,0
Delivery exist really late,0
Delivery embody rattling late,0
Delivery equal real late,0
Delivery was real belated,0
Bringing was very former,0
The product quality is poor,0
The product character is pitiful,0
The cartesian product quality is piteous,0
The cartesian product quality exist poor,0
The merchandise quality be poor,0
The ware caliber is poor,0
The merchandise lineament is poor,0
The product lineament is hapless,0
The product lineament be poor,0
The intersection timber is poor,0
The product quality be pitiable,0
The product quality exist misfortunate,0
The product quality be misfortunate,0
The production lineament is poor,0
The ware quality is wretched,0
The product lineament constitute poor,0
The product caliber is piteous,0
The ware quality be poor,0
The production quality is pitiable,0
The intersection quality follow poor,0
The ware character is poor,0
The mathematical product quality is piteous,0
The mathematical product quality exist poor,0
The product quality be inadequate,0
The website does not work properly,0
The internet site coif not work properly,0
The web site perform not work properly,0
The website make not knead properly,0
The website does non make properly,0
The website serve not work by rights,0
The website does not exercise decent,0
The internet site does not make for properly,0
The website does non cultivate properly,0
The website do non work properly,0
The web site does not solve properly,0
The website does not work on the right way,0
The site does not work by rights,0
The website does non work right,0
The site do not work properly,0
The site does non work properly,0
The site does not bring properly,0
The web site exercise not work properly,0
The website does non make for properly,0
The internet site serve not work properly,0
The site does not work decently,0
Customer support is inadequate,0
Customer sustenance is short,0
Customer keep is unequal,0
Client support follow inadequate,0
Customer support represent poor,0
Client support be inadequate,0
Customer financial backing equal inadequate,0
Client bread and butter is inadequate,0
Customer backup comprise inadequate,0
Client support is poor,0
Client support is short,0
Customer backing be inadequate,0
Customer backup be inadequate,0
Customer reenforcement is unequal,0
Client backup is inadequate,0
Client reinforcement is inadequate,0
Client financial backing is inadequate,0
Client living is inadequate,0
Customer musical accompaniment is unequal,0
Client support make up inadequate,0
Customer backing comprise inadequate,0
Customer support be poor,0
Payment failed multiple times,0
Requital failed multiple time,0
Payment give out multiple times,0
Payment break down multiple times,0
Payment failed multiple fourth dimension,0
Defrayment fail multiple times,0
Payment give way multiple time,0
Payment fail multiple multiplication,0
Defrayment flush it multiple times,0
Defrayment failed multiple times,0
Payment fail multiple sentence,0
Payment failed multiple time,0
Payment fail multiple time,0
Defrayment failed multiple time,0
Payment miscarry multiple times,0
Requital failed multiple times,0
The app is difficult to use,0
The app is difficult to use,0
The app make up difficult to apply,0
The app is difficult to habituate,0
The app is unmanageable to use,0
The app is unmanageable to utilize,0
The app be unmanageable to use,0
The app be difficult to expend,0
The app equal difficult to use,0
The app is unmanageable to apply,0
The app is difficult to utilise,0
The app be difficult to utilise,0
The app is difficult to practice,0
The app is unmanageable to utilise,0
The app is difficult to utilize,0
The app is difficult to expend,0
The app represent difficult to use,0
The app be difficult to use,0
The app is hard to use,0
Communication with the company was disappointing,0
Communication with the company equal disappoint,0
Communication with the fellowship was disappointing,0
Communication with the party be disappointing,0
Communicating with the ship's company was disappointing,0
Communication with the ship's company be disappointing,0
Communication with the company be disappointing,0
Communication with the society was disappointing,0
Communicating with the company was disappointing,0
Communication with the ship's company live disappointing,0
Communication with the company personify disappoint,0
Communicating with the company was disappoint,0
Communication with the fellowship was disappoint,0
Communication with the company be disappoint,0
Communication with the company embody let down,0
Communication with the company was disappoint,0
Communicating with the company be disappointing,0
Communication with the party was disappointing,0
Communication with the company was let down,0
Communication with the society follow disappointing,0
The store was messy,0
The store be mussy,0
The memory board constitute messy,0
The storage be messy,0
The storage was mussy,0
The shop cost messy,0
The storehouse was mussy,0
The shop be messy,0
The fund be messy,0
The fund was mussy,0
The stock exist messy,0
The fund represent messy,0
The depot embody messy,0
The storehouse be messy,0
The depot was mussy,0
The memory board was mussy,0
The computer memory was mussy,0
The storehouse follow messy,0
The entrepot was mussy,0
The user experience is bad,0
The user experience live bad,0
The exploiter experience is bad,0
The user experience personify bad,0
The drug user experience be bad,0
The user experience constitute bad,0
The user experience is tough,0
The user experience be speculative,0
The user experience be unfit,0
The user experience cost bad,0
The user experience is forged,0
The drug user experience make up bad,0
The user experience be bad,0
The user experience is sorry,0
The user experience be forged,0
The user experience is unfit,0
The substance abuser experience be bad,0
The drug user experience is bad,0
The user experience constitute uncollectible,0
The drug user experience is sorry,0
The exploiter experience be bad,0
Prices are excessive for the quality,0
Price be excessive for the quality,0
Prices are excessive for the caliber,0
Prices are undue for the timber,0
Prices be unreasonable for the quality,0
Price are excessive for the quality,0
Prices be inordinate for the quality,0
Price are excessive for the lineament,0
Terms are excessive for the timber,0
Prices make up excessive for the timbre,0
Price are excessive for the calibre,0
Prices are extravagant for the quality,0
Prices are exuberant for the timber,0
Cost are excessive for the quality,0
Prices are inordinate for the timbre,0
Prices are extravagant for the timbre,0
Prices are undue for the quality,0
Prices be exuberant for the quality,0
Prices are excessive for the lineament,0
Prices be excessive for the lineament,0
Prices are inordinate for the quality,0
Delivery was significantly delayed,0
Livery be significantly delayed,0
Delivery was importantly delay,0
Delivery was importantly check,0
Rescue was significantly check,0
Deliverance was importantly delayed,0
Rescue be significantly delayed,0
Delivery was importantly hold up,0
Delivery make up importantly delayed,0
Delivery was importantly detain,0
Delivery represent significantly check,0
Delivery exist significantly detain,0
Bringing was importantly delayed,0
Rescue was significantly delay,0
Delivery be significantly retard,0
Pitch was significantly hold up,0
Livery equal significantly delayed,0
Delivery be importantly delayed,0
Delivery comprise significantly hold up,0
Delivery equal importantly delayed,0
Delivery embody significantly delay,0
Saving constitute significantly delayed,0
The product does not meet expectations,0
The product do not meet expectation,0
The product do not meet arithmetic mean,0
The cartesian product does not come across expectations,0
The product does non meet expected value,0
The product do non meet expectations,0
The product does not forgather outlook,0
The merchandise does not meet prospect,0
The product manage not meet outlook,0
The product does not fulfill expectation,0
The cartesian product do not meet expectations,0
The product does non conform to expectations,0
The ware does not touch expectations,0
The mathematical product does non meet expectations,0
The ware does not play expectations,0
The product do not foregather expectations,0
The product coif not meet expectation,0
The merchandise does not cope with expectations,0
The product serve not meet prospect,0
The production does not meet expectation,0
The product does non run into expectations,0
The product does not run into expectation,0
The product does non meet expectation,0
The app had many errors,0
The app had many computer error,0
The app make many errors,0
The app had many errors,0
The app had many error,0
The app have many fault,0
The app let many errors,0
The app sustain many errors,0
The app had many wrongdoing,0
The app have many wrongdoing,0
The app accept many erroneousness,0
The app have many errors,0
The app give many errors,0
The app have many error,0
The app deliver many wrongdoing,0
The service was very poor,0
The service constitute real poor,0
The religious service was very wretched,0
The service exist very miserable,0
The serve was real poor,0
The service be very pathetic,0
The service be very wretched,0
The service be very pitiful,0
The help be very poor,0
The service be very misfortunate,0
The service represent rattling poor,0
The service of process represent very poor,0
The servicing be very poor,0
The table service was really poor,0
The service was rattling wretched,0
The inspection and repair be very poor,0
The service embody very short,0
The service constitute very miserable,0
The service make up very pitiful,0
The service was rattling piteous,0
The service equal really poor,0
The serve be very poor,0
The service be rattling poor,0
The avail was very miserable,0
